district,period_start,year,population,area_km2,density_per_km2,children_percent,working_age_percent,elderly_percent,urban_percent,urban_population,rural_population,replica_id,water_mld,electricity_mwh,housing_units_demand,food_demand_tons,road_km,schools,hospitals,green_space_km2,avg_income_bdt,employment_rate_percent,poverty_rate_percent,agri_share_percent,industry_share_percent,services_share_percent,avg_temp_c,rainfall_mm,flood_risk_score,cyclone_events,drought_index,residential_area_km2,commercial_area_km2,industrial_area_km2,agricultural_area_km2,bus_routes,rail_km,avg_commute_time_min,vehicle_count,hospital_beds,clinics,sanitation_coverage_percent,waste_collection_percent,literacy_rate_percent,student_teacher_ratio,residential_mwh,commercial_mwh,industrial_mwh,renewable_percent,housing_units,avg_rent_bdt,vacancy_rate_percent,slum_population_percent,internet_penetration_percent,mobile_penetration_percent,crop_yield_ton_per_hectare,fertilizer_kg_per_hectare,irrigated_area_km2,total_production_tons,migration_inflow,migration_outflow,water_per_person_lpd,elec_mwh_per_person,food_kg_per_person_per_year,housing_units_per_1000,housing_demand_per_1000,pop_per_hectare,urban_to_rural_ratio,climate_severity,population_lag1,population_lag2,density_per_km2_lag1,density_per_km2_lag2,water_mld_lag1,water_mld_lag2,electricity_mwh_lag1,electricity_mwh_lag2,population_rolling3,density_per_km2_rolling3,water_mld_rolling3,district_cat,district_code,population_lag1_imputed,population_lag2_imputed,density_per_km2_lag1_imputed,density_per_km2_lag2_imputed,water_mld_lag1_imputed,water_mld_lag2_imputed,electricity_mwh_lag1_imputed,electricity_mwh_lag2_imputed,clothing_kg_per_person_per_year,shelter_units_needed_per_1000,beds_per_1000,healthcare_need_index
Chattogram,2010-01-01,2010,20647582,5283.0,1303.37,26.12,67.24,6.77,65.0,4475692.0,2409988.0,0,952.01,218594.0,43849.0,3777119.0,2394.0,1893.0,65.0,586.67,153145.0,62.18,22.24,10.66,39.18,50.62,28.06,2650.0,5.0,1.0,0.0,1632.66,708.27,551.42,2382.95,53.0,67.0,40.0,900000.0,25552,203.0,59.92,51.93,63.37,39.0,250000.0,230852.0,157303.0,8.81,3965137,21294.0,5.77,10.51,47.67,56.66,3.75,135.0,997.0,917117.0,11389,6215,46.10757811737955,0.01058690552724285,182.93275212564842,192.03880628734154,2.1236869285711037,130.337,1.8571428571428572,0.31666664444445186,23683704.0,23653821.0,1504.75,1497.92,1189.87,1187.75,300000.0,300000.0,20647582.0,1303.37,952.01,Chattogram,0,1,1,1,1,1,1,1,1,10.268483454389832,2.1236869285711037,1.237529895752442,0.468522227104365
Chattogram,2011-01-01,2011,21010163,5283.0,1325.35,26.85,65.43,8.03,65.3,4572185.0,2429630.0,0,1053.72,200429.0,47621.0,3978099.0,2333.0,1694.0,108.0,553.07,158968.0,64.85,24.95,11.05,38.33,50.62,27.42,2795.0,5.0,2.0,0.0,1714.84,695.18,540.32,2346.6,64.0,70.0,40.0,900000.0,29515,253.0,63.78,56.26,64.17,36.9,250000.0,242392.0,155425.0,10.35,4341319,28748.0,5.24,10.66,50.36,59.93,3.53,130.0,1190.0,943014.0,13638,5164,50.15287125568707,0.009539621372761363,189.34165337032368,206.62947736293145,2.2665697548372186,132.535,1.8818441491091236,0.3833332888889037,20647582.0,23653821.0,1303.37,1497.92,952.01,1187.75,218594.0,300000.0,20828872.5,1314.36,1002.865,Chattogram,0,0,1,0,1,0,1,0,1,10.310986803406125,2.2665697548372186,1.404796335944657,0.4115229526543892
Chattogram,2012-01-01,2012,21856850,5283.0,1377.44,26.09,66.34,7.33,65.6,4773717.0,2503290.0,0,1096.72,282336.0,47808.0,4142498.0,2413.0,1733.0,80.0,644.63,168898.0,69.36,21.95,8.92,38.87,52.48,26.74,2874.0,6.0,0.0,0.0,1547.93,619.06,607.28,2484.58,43.0,69.0,37.0,900000.0,33436,249.0,64.77,55.54,66.08,39.7,250000.0,205621.0,221603.0,11.68,4500000,24395.0,7.31,10.48,52.61,59.59,3.72,130.0,1166.0,1189064.0,13680,5946,50.17740433777054,0.012917506411033612,189.52859172296098,205.88511153254015,2.1873234249217064,137.744,1.9069772179811368,0.3,21010163.0,20647582.0,1325.35,1303.37,1053.72,952.01,200429.0,218594.0,21171531.666666668,1335.3866666666665,1034.1499999999999,Chattogram,0,0,0,0,0,0,0,0,0,10.657658276001186,2.1873234249217064,1.5297721309337806,0.37556424595721705
Chattogram,2013-01-01,2013,22899237,5283.0,1433.8,26.32,66.76,6.98,65.9,4991774.0,2582997.0,0,1118.89,299624.0,50123.0,4448473.0,2372.0,2045.0,108.0,584.93,190347.0,70.29,19.99,8.64,38.24,53.12,26.97,2901.0,6.0,1.0,0.0,1750.02,673.9,567.66,2280.58,84.0,82.0,37.0,900000.0,31073,251.0,63.02,52.29,68.62,36.6,250000.0,276157.0,143471.0,12.6,4328885,27513.0,5.69,10.5,55.94,59.53,2.79,116.0,1031.0,616498.0,11867,2513,48.86145333139266,0.013084453425238578,194.2629354855797,189.04057807690273,2.188850222389506,143.38,1.9325512186038156,0.36666664444445185,21856850.0,21010163.0,1377.44,1325.35,1096.72,1053.72,282336.0,200429.0,21922083.333333332,1378.8633333333335,1089.7766666666666,Chattogram,0,0,0,0,0,0,0,0,0,11.1981577308226,2.188850222389506,1.3569447750595358,0.4266243584845207
Chattogram,2014-01-01,2014,22558620,5283.0,1436.73,25.08,67.33,7.6,66.2,5024750.0,2565507.0,0,1107.68,293727.0,51003.0,3885559.0,2491.0,2074.0,96.0,549.67,182252.0,69.2,19.43,6.34,39.89,53.9,27.86,2747.0,5.0,0.0,0.0,1561.76,696.08,519.39,2522.05,74.0,78.0,40.0,900000.0,34439,249.0,63.98,60.06,65.68,36.3,250000.0,300000.0,258906.0,14.33,4478227,31127.0,7.23,9.83,56.12,64.59,3.61,133.0,1189.0,911190.0,17937,3820,49.10229437793624,0.01302061030328983,172.2427613036613,198.51511306985978,2.2609095769156093,143.673,1.9585797271260612,0.25,22899237.0,21856850.0,1433.8,1377.44,1118.89,1096.72,299624.0,282336.0,22438235.666666668,1415.99,1107.7633333333333,Chattogram,0,0,0,0,0,0,0,0,0,11.051049628189642,2.2609095769156093,1.5266448036271723,0.3791423510569352
Chattogram,2015-01-01,2015,23370206,5283.0,1480.69,24.8,67.46,7.79,66.5,5201938.0,2620525.0,0,1185.63,300000.0,53012.0,4109909.0,2370.0,2051.0,109.0,614.87,199843.0,68.45,20.42,5.18,39.27,55.33,27.72,2704.0,4.0,2.0,0.0,1788.92,673.06,592.51,2180.85,48.0,76.0,35.0,900000.0,33710,212.0,67.34,59.45,70.02,38.2,250000.0,300000.0,185920.0,14.45,4500000,31944.0,5.36,9.38,57.49,63.89,3.45,136.0,927.0,973808.0,15064,7607,50.732543820965894,0.012836857321668452,175.8610514601369,192.55285982502681,2.268358267787627,148.06900000000002,1.985074746472558,0.3333332888889037,22558620.0,22899237.0,1436.73,1433.8,1107.68,1118.89,293727.0,299624.0,22942687.666666668,1450.4066666666668,1137.3999999999999,Chattogram,0,0,0,0,0,0,0,0,0,11.370174085895844,2.268358267787627,1.4424348677114787,0.38927693439501554
Chattogram,2016-01-01,2016,23683704,5283.0,1504.75,25.37,66.92,7.76,66.8,5310326.0,2639264.0,0,1189.87,300000.0,52203.0,4499165.0,2480.0,1949.0,94.0,553.97,200122.0,70.23,21.26,5.0,39.92,55.08,27.59,2654.0,6.0,0.0,0.0,1713.03,762.75,547.28,2313.1,71.0,80.0,42.0,900000.0,35892,204.0,67.83,59.13,69.63,35.1,250000.0,300000.0,242596.0,16.01,4361513,35370.0,5.29,9.59,62.83,63.82,3.39,106.0,1033.0,704378.0,17760,4501,50.24003002233097,0.012666937570238169,189.96880724400202,184.15670960927395,2.2041738065971437,150.475,2.012048055821623,0.3,23370206.0,22558620.0,1480.69,1436.73,1185.63,1107.68,300000.0,293727.0,23204176.666666668,1474.0566666666666,1161.0600000000002,Chattogram,0,0,0,0,0,0,0,0,0,11.341418320094602,2.2041738065971437,1.5154724109032944,0.36857217316514346
Chattogram,2017-01-01,2017,23623938,5283.0,1491.09,25.67,66.8,7.45,67.1,5285770.0,2591682.0,0,1330.93,300000.0,50310.0,4301131.0,2424.0,2032.0,98.0,528.11,224138.0,74.26,14.79,5.0,40.44,54.56,28.26,2795.0,6.0,2.0,0.0,1756.86,662.84,621.81,2299.8,57.0,88.0,38.0,900000.0,38277,238.0,67.76,60.08,70.41,36.4,250000.0,300000.0,237844.0,16.24,4500000,31491.0,6.16,8.75,66.69,68.16,4.61,124.0,1020.0,702920.0,17231,5037,56.33819391161626,0.012698983547958854,182.06663935538606,190.48475321938284,2.1296195409927,149.10899999999998,2.039513335355186,0.43333328888890366,23683704.0,23370206.0,1504.75,1480.69,1189.87,1185.63,300000.0,300000.0,23559282.666666668,1492.176666666667,1235.4766666666667,Chattogram,0,0,0,0,0,0,0,0,0,12.054028611712708,2.1296195409927,1.6202633108840703,0.3415715391701417
Chattogram,2018-01-01,2018,24809381,5283.0,1524.54,25.17,67.92,7.06,67.4,5428488.0,2625648.0,0,1236.07,300000.0,59785.0,4721248.0,2532.0,2059.0,128.0,499.92,234219.0,72.84,18.53,5.0,40.57,54.43,27.68,2909.0,5.0,2.0,0.0,1604.47,663.77,555.39,2452.95,65.0,93.0,39.0,900000.0,33020,304.0,69.5,61.7,74.52,35.1,250000.0,300000.0,278199.0,17.82,4500000,33889.0,5.93,8.87,65.5,65.76,3.48,127.0,1201.0,1026148.0,14458,4890,49.82268602348442,0.012092200123816068,190.30091883388786,181.383001857241,2.4097739480078118,152.454,2.0674850551178223,0.3833332888889037,23623938.0,23683704.0,1491.09,1504.75,1330.93,1189.87,300000.0,300000.0,24039007.666666668,1506.793333333333,1252.29,Chattogram,0,0,0,0,0,0,0,0,0,12.068108243582293,2.4097739480078118,1.3309481602946884,0.410703478323381
Chattogram,2019-01-01,2019,24657223,5283.0,1537.66,26.61,65.49,7.85,67.7,5499597.0,2623885.0,0,1205.43,300000.0,56307.0,4796400.0,2646.0,1994.0,123.0,515.23,239622.0,75.16,15.71,5.0,41.27,53.73,28.12,2829.0,5.0,0.0,0.0,1642.94,664.0,535.47,2456.94,82.0,92.0,41.0,900000.0,32018,282.0,70.36,64.75,75.77,34.7,250000.0,300000.0,255862.0,18.36,4500000,29462.0,6.75,8.68,73.15,70.16,3.61,151.0,1241.0,743536.0,17347,6852,48.887500429387366,0.01216682024573489,194.52312208880943,182.50230368602334,2.2835904919219816,153.76600000000002,2.0959748617031617,0.25,24809381.0,23623938.0,1524.54,1491.09,1236.07,1330.93,300000.0,300000.0,24363514.0,1517.7633333333333,1257.4766666666667,Chattogram,0,0,0,0,0,0,0,0,0,12.279148244884812,2.2835904919219816,1.298524168759799,0.41612371612245225
Chattogram,2020-01-01,2020,25294908,5283.0,1589.47,25.38,67.43,7.61,68.0,5710068.0,2687091.0,0,1179.13,300000.0,52871.0,4628639.0,2546.0,2291.0,99.0,571.07,251560.0,73.76,15.23,5.0,40.41,54.59,27.92,2446.0,6.0,0.0,0.2,1757.76,649.48,624.85,2352.63,77.0,99.0,39.0,900000.0,29291,293.0,77.84,66.26,77.03,34.3,250000.0,300000.0,260967.0,18.93,4500000,33477.0,6.28,8.14,76.83,70.0,3.25,123.0,1119.0,684954.0,9437,6296,46.615310876007136,0.01186009452969744,182.98698694614743,177.9014179454616,2.0901835262654447,158.947,2.124999860443878,0.306,24657223.0,24809381.0,1537.66,1524.54,1205.43,1236.07,300000.0,300000.0,24920504.0,1550.5566666666666,1206.8766666666668,Chattogram,0,0,0,0,0,0,0,0,0,12.492350851947965,2.0901835262654447,1.1579800962312257,0.42648517497988137
Chattogram,2021-01-01,2021,26200875,5283.0,1672.23,24.97,67.66,7.59,68.3,6033905.0,2800509.0,0,1329.32,300000.0,65783.0,4914798.0,2616.0,2179.0,116.0,564.56,254867.0,76.13,12.77,5.0,41.33,53.67,27.84,2683.0,5.0,1.0,0.0,1734.68,756.98,533.09,2253.25,91.0,98.0,38.0,900000.0,30456,273.0,69.17,66.9,79.28,32.3,250000.0,300000.0,316631.0,20.19,4500000,41981.0,6.89,8.07,75.93,75.44,3.81,116.0,1029.0,757709.0,11733,5722,50.735710162351445,0.011449999284375045,187.58144527615968,171.74998926562566,2.5107176764134786,167.223,2.15457440058218,0.31666664444445186,25294908.0,24657223.0,1589.47,1537.66,1179.13,1205.43,300000.0,300000.0,25384335.333333332,1599.7866666666669,1237.96,Chattogram,0,0,0,0,0,0,0,0,0,12.652415915656537,2.5107176764134786,1.1624039273497546,0.45567997888906375
Chattogram,2022-01-01,2022,27610796,5283.0,1740.98,25.53,67.02,7.15,68.6,6309563.0,2888050.0,0,1305.01,300000.0,67541.0,5034584.0,2756.0,2367.0,101.0,562.69,263131.0,79.04,15.42,5.0,41.01,53.99,27.9,3019.0,4.0,2.0,0.0,1613.03,696.74,563.89,2448.56,78.0,97.0,38.0,900000.0,41954,302.0,70.21,75.11,79.53,32.1,250000.0,300000.0,354957.0,20.15,4500000,42774.0,7.33,7.76,75.1,77.35,3.81,122.0,1021.0,1028437.0,15693,8283,47.26448306669609,0.01086531514701713,182.34113931376697,162.97972720525698,2.44618083448228,174.098,2.184713907307699,0.3333332888889037,26200875.0,25294908.0,1672.23,1589.47,1329.32,1179.13,300000.0,300000.0,26368859.666666668,1667.5600000000002,1271.1533333333334,Chattogram,0,0,0,0,0,0,0,0,0,12.661924412569682,2.44618083448228,1.519478105593189,0.35920069254577086
Chattogram,2023-01-01,2023,27730214,5283.0,1783.74,26.35,66.13,7.28,68.9,6492802.0,2930713.0,0,1355.79,300000.0,60019.0,5186804.0,2758.0,2411.0,106.0,544.17,292182.0,77.55,10.45,5.0,41.17,53.83,28.1,2792.0,4.0,1.0,0.0,1629.51,767.03,606.04,2324.93,85.0,96.0,43.0,900000.0,38916,329.0,71.38,67.39,83.21,33.3,250000.0,300000.0,392883.0,23.24,4500000,47768.0,6.01,6.75,91.03,72.65,4.04,122.0,1157.0,902349.0,9888,5607,48.892157846311605,0.010818524516255085,187.0452207833665,162.27786774382628,2.16439007647038,178.374,2.2154342646311664,0.2666666444444519,27610796.0,26200875.0,1740.98,1672.23,1305.01,1329.32,300000.0,300000.0,27180628.333333332,1732.3166666666666,1330.04,Chattogram,0,0,0,0,0,0,0,0,0,13.304596174926681,2.16439007647038,1.4033790002486097,0.38529145993536146
Chattogram,2024-01-01,2024,28670279,5283.0,1807.4,25.98,66.7,7.31,69.2,6607570.0,2940942.0,0,1582.91,300000.0,65209.0,5155788.0,2893.0,2087.0,122.0,587.25,291471.0,79.0,9.97,5.0,42.05,52.95,27.83,3057.0,6.0,0.0,0.0,1779.44,645.16,637.56,2253.47,88.0,113.0,41.0,900000.0,43123,300.0,77.95,69.52,83.01,30.8,250000.0,300000.0,400000.0,24.3,4500000,52499.0,5.84,6.87,88.37,74.82,4.19,139.0,1095.0,1118303.0,16551,8539,55.21083349066816,0.010463797718885122,179.83040904485094,156.95696578327684,2.2744459515026,180.74,2.2467529111420763,0.3,27730214.0,27610796.0,1783.74,1740.98,1355.79,1305.01,300000.0,300000.0,28003763.0,1777.3733333333332,1414.57,Chattogram,0,0,0,0,0,0,0,0,0,13.316828597431607,2.2744459515026,1.504101163438277,0.336108697506048
Chattogram,2025-01-01,2025,28477235,5283.0,1800.73,25.39,66.78,7.77,69.5,6611712.0,2901542.0,0,1443.85,300000.0,66017.0,5268199.0,2797.0,2554.0,99.0,606.08,309193.0,83.24,8.17,5.0,41.97,53.03,28.17,2780.0,5.0,1.0,0.0,1730.06,737.29,570.25,2304.45,79.0,110.0,38.0,900000.0,43506,295.0,75.77,77.03,84.18,32.8,250000.0,300000.0,353274.0,23.87,4500000,55626.0,4.29,6.43,83.22,82.77,3.56,132.0,1066.0,618389.0,16699,6285,50.7019027654897,0.010534730636594459,184.99685801658762,158.02095954891686,2.3182377081201877,180.073,2.2786890556814274,0.31666664444445186,28670279.0,27730214.0,1807.4,1783.74,1582.91,1355.79,300000.0,300000.0,28292576.0,1797.29,1460.8500000000001,Chattogram,0,0,0,0,0,0,0,0,0,13.63893581848127,2.3182377081201877,1.5277466369189283,0.33759087440107866
Dhaka,2010-01-01,2010,37295625,1460.0,8594.72,25.31,67.21,7.03,85.0,10666047.0,1882244.0,0,1782.56,300000.0,83319.0,6668295.0,2928.0,2669.0,157.0,141.69,197026.0,68.96,19.04,5.21,34.74,60.05,27.71,2182.0,7.0,0.0,1.08,499.12,224.82,176.17,535.34,103.0,80.0,90.0,900000.0,56253,490.0,63.01,53.73,64.81,36.8,250000.0,300000.0,263626.0,8.45,4500000,34224.0,5.59,11.66,54.53,59.06,2.39,126.0,232.0,147127.0,13929,2862,47.79541836341394,0.008043838922125585,178.79563621738475,120.65758383188377,2.2340153838419385,859.472,5.666665427011588,0.38239999999999996,43195079.0,42816568.0,9865.03,9726.84,2083.82,2066.44,300000.0,300000.0,37295625.0,8594.72,1782.56,Dhaka,1,1,1,1,1,1,1,1,1,11.370848992520308,2.2340153838419385,1.5083002362877684,0.3873069385651802
Dhaka,2011-01-01,2011,36619077,1460.0,8327.33,24.76,67.78,7.45,85.3,10370693.0,1787212.0,0,1927.46,300000.0,79262.0,6833506.0,3063.0,3309.0,141.0,145.97,217975.0,72.76,17.72,5.0,35.84,59.16,27.6,2186.0,8.0,0.0,1.03,503.15,232.2,171.6,554.65,120.0,98.0,90.0,900000.0,51548,411.0,67.0,60.07,66.5,37.9,250000.0,300000.0,313735.0,9.21,4500000,48059.0,5.38,11.62,59.35,60.59,2.49,126.0,219.0,139245.0,21574,1976,52.635406403061445,0.008192451164184177,186.61054728386517,122.88676746276265,2.1645002139185543,832.733,5.802721221656972,0.4309,37295625.0,42816568.0,8594.72,9726.84,1782.56,2066.44,300000.0,300000.0,36957351.0,8461.025,1855.01,Dhaka,1,0,1,0,1,0,1,0,1,11.820784799156781,2.1645002139185543,1.40768157537122,0.3995027904034828
Dhaka,2012-01-01,2012,37847287,1460.0,8660.42,25.69,67.16,6.79,85.6,10823450.0,1820767.0,0,2049.06,300000.0,78546.0,7062530.0,3026.0,3891.0,119.0,133.3,219978.0,67.25,18.39,5.0,34.89,60.11,27.68,2261.0,7.0,0.0,0.82,535.89,224.13,185.68,505.31,118.0,78.0,90.0,900000.0,53777,320.0,59.99,58.19,68.06,39.5,250000.0,300000.0,277480.0,10.61,4500000,41570.0,4.55,10.93,56.51,61.38,2.89,124.0,251.0,127786.0,20841,1968,54.140208253236224,0.007926591937752367,186.60597786044744,118.89887906628553,2.075340301142325,866.042,5.944445390321771,0.3746,36619077.0,37295625.0,8327.33,8594.72,1927.46,1782.56,300000.0,300000.0,37253996.333333336,8527.49,1919.6933333333334,Dhaka,1,0,0,0,0,0,0,0,0,11.828537385118262,2.075340301142325,1.4208944487883637,0.4206024433150254
Dhaka,2013-01-01,2013,40191080,1460.0,9198.25,24.19,68.55,7.23,85.9,11535890.0,1893551.0,0,2017.1,300000.0,86662.0,7542841.0,3047.0,3197.0,163.0,152.54,237914.0,73.69,14.71,5.0,35.62,59.38,27.76,1954.0,8.0,0.0,2.19,508.99,221.39,188.76,542.14,151.0,94.0,90.0,900000.0,51073,538.0,67.22,61.36,65.72,35.7,250000.0,300000.0,321733.0,12.41,4500000,42648.0,5.76,10.12,61.01,59.41,2.64,134.0,247.0,183841.0,17867,2500,50.18775310342494,0.007464342834280642,187.6745038948941,111.96514251420962,2.15624959568143,919.825,6.0921992594865415,0.4657,37847287.0,36619077.0,8660.42,8327.33,2049.06,1927.46,300000.0,300000.0,38219148.0,8728.666666666666,1997.8733333333332,Dhaka,1,0,0,0,0,0,0,0,0,12.2939702145886,2.15624959568143,1.2707546052507173,0.4343338026348135
Dhaka,2014-01-01,2014,40365660,1460.0,9203.75,25.19,67.94,6.71,86.2,11583104.0,1854372.0,0,1931.26,300000.0,95355.0,7210090.0,3070.0,3498.0,185.0,143.38,237173.0,74.91,16.8,5.0,36.21,58.79,28.21,2062.0,8.0,1.0,1.34,502.31,212.52,175.03,574.02,155.0,94.0,90.0,900000.0,60477,447.0,68.35,61.21,72.33,35.7,250000.0,300000.0,215940.0,12.83,4500000,40161.0,4.2,10.64,67.96,63.1,2.64,128.0,240.0,181087.0,18043,2732,47.8441328594652,0.007432059825108768,178.6194007480616,111.48089737663152,2.362280215410822,920.375,6.246375592383837,0.5068666444444518,40191080.0,37847287.0,9198.25,8660.42,2017.1,2049.06,300000.0,300000.0,39468009.0,9020.806666666665,1999.14,Dhaka,1,0,0,0,0,0,0,0,0,12.191625086748164,2.362280215410822,1.4982289401436764,0.3712354755626442
Dhaka,2015-01-01,2015,40971050,1460.0,9359.63,25.47,67.74,6.77,86.5,11820280.0,1844784.0,0,1919.67,300000.0,95568.0,8034409.0,3106.0,3413.0,165.0,164.0,256122.0,69.55,16.2,5.0,35.92,59.08,27.73,2071.0,7.0,1.0,1.65,544.4,239.85,171.25,502.57,117.0,97.0,90.0,900000.0,66647,327.0,67.99,60.15,72.53,37.2,250000.0,300000.0,400000.0,14.0,4500000,41552.0,6.35,10.17,67.4,64.75,2.71,124.0,272.0,151497.0,22521,1779,46.85430322142098,0.0073222433889295006,196.09966061401892,109.8336508339425,2.3325738539773813,935.963,6.407405961890389,0.4661666444444518,40365660.0,40191080.0,9203.75,9198.25,1931.26,2017.1,300000.0,300000.0,40509263.333333336,9253.876666666667,1956.01,Dhaka,1,0,0,0,0,0,0,0,0,12.520704597626297,2.3325738539773813,1.6266851838066145,0.33909685221028024
Dhaka,2016-01-01,2016,42438057,1460.0,9588.65,24.41,68.22,7.36,86.8,12151502.0,1847924.0,0,2083.82,300000.0,97849.0,7560150.0,3132.0,3787.0,130.0,139.36,273509.0,77.23,13.96,5.0,36.92,58.08,27.9,2279.0,6.0,1.0,0.54,525.66,230.73,189.78,511.98,159.0,94.0,90.0,900000.0,49097,400.0,69.32,62.18,74.27,39.9,250000.0,300000.0,400000.0,14.8,4500000,55697.0,5.19,9.67,67.88,65.28,2.82,99.0,258.0,125140.0,18400,1701,49.1026250329981,0.007069126656764705,178.14552631379897,106.03689985147058,2.3056899141258986,958.865,6.575758526865823,0.38286664444445184,40971050.0,40365660.0,9359.63,9203.75,1919.67,1931.26,300000.0,300000.0,41258255.666666664,9384.01,1978.25,Dhaka,1,0,0,0,0,0,0,0,0,12.88070249997997,2.3056899141258986,1.1569097048905892,0.4565834767284469
Dhaka,2017-01-01,2017,43195079,1460.0,9865.03,25.26,67.26,7.18,87.1,12544969.0,1857980.0,0,1919.23,300000.0,90704.0,8316224.0,3320.0,3579.0,206.0,148.27,277683.0,74.05,12.56,5.0,37.13,57.87,28.09,2014.0,8.0,1.0,1.62,543.43,219.71,171.84,532.91,130.0,92.0,90.0,900000.0,70372,544.0,69.52,66.63,74.75,34.8,250000.0,300000.0,400000.0,16.27,4500000,55048.0,6.34,9.65,75.45,68.26,2.51,111.0,230.0,119294.0,15993,2560,44.43168167373881,0.006945235590378246,192.52711634119248,104.1785338556737,2.099868829965562,986.503,6.7519397410090525,0.5152666444444518,42438057.0,40971050.0,9588.65,9359.63,2083.82,1919.67,300000.0,300000.0,42201395.333333336,9604.436666666666,1974.24,Dhaka,1,0,0,0,0,0,0,0,0,13.00426622729409,2.099868829965562,1.6291670632203266,0.3330965635627151
Dhaka,2018-01-01,2018,44364796,1460.0,10134.96,26.07,67.01,7.07,87.4,12932609.0,1864427.0,0,2201.29,300000.0,98637.0,8322707.0,3251.0,3643.0,168.0,146.64,287078.0,83.24,9.91,5.0,37.11,57.89,28.38,2217.0,8.0,0.0,0.89,568.62,224.4,211.75,503.19,175.0,96.0,90.0,900000.0,66819,531.0,71.35,63.51,77.26,35.0,250000.0,300000.0,400000.0,16.56,4500000,47670.0,5.36,9.01,74.41,70.02,2.78,128.0,227.0,156084.0,18539,3526,49.61794482273738,0.006762118324628383,187.59709838404305,101.43177486942574,2.223316883954566,1013.4959999999999,6.936505961348983,0.4267,43195079.0,42438057.0,9865.03,9588.65,1919.23,2083.82,300000.0,300000.0,43332644.0,9862.88,2068.1133333333332,Dhaka,1,0,0,0,0,0,0,0,0,13.258340410712137,2.223316883954566,1.5061266144444798,0.35868208024443526
Dhaka,2019-01-01,2019,44787549,1460.0,10301.67,24.3,68.4,7.48,87.7,13190465.0,1849974.0,0,2278.59,300000.0,98870.0,8726605.0,3243.0,4167.0,219.0,139.7,331650.0,83.16,9.25,5.0,37.67,57.33,27.91,1992.0,6.0,0.0,1.41,487.81,238.8,193.17,549.17,114.0,101.0,90.0,900000.0,72694,465.0,68.56,70.39,80.96,31.8,250000.0,300000.0,400000.0,16.93,4500000,60000.0,6.4,7.86,79.94,75.34,2.82,130.0,246.0,128729.0,23273,2631,50.87552346300531,0.006698290187748385,194.84444214618665,100.47435281622577,2.207533169542276,1030.167,7.130081287628907,0.3423,44364796.0,43195079.0,10134.96,9865.03,2201.29,1919.23,300000.0,300000.0,44115808.0,10100.553333333331,2133.036666666667,Dhaka,1,0,0,0,0,0,0,0,0,13.871856513193125,2.207533169542276,1.6230850230272704,0.3380378940129097
Dhaka,2020-01-01,2020,46237117,1460.0,10501.46,24.83,68.45,6.72,88.0,13492274.0,1839856.0,0,2514.86,300000.0,106046.0,9026849.0,3408.0,4163.0,179.0,151.63,326290.0,85.22,8.66,5.0,37.67,57.33,28.62,2141.0,8.0,0.0,1.23,528.58,206.66,201.42,522.03,184.0,95.0,90.0,900000.0,80732,579.0,77.72,66.25,81.71,33.7,250000.0,300000.0,400000.0,19.52,4500000,60000.0,5.25,8.52,84.85,73.69,2.51,125.0,219.0,187868.0,18566,2658,54.39050189915604,0.0064882938094950856,195.22949495315635,97.3244071424263,2.2935253510723865,1050.146,7.3333315215973425,0.4369,44787549.0,44364796.0,10301.67,10134.96,2278.59,2201.29,300000.0,300000.0,45129820.666666664,10312.696666666665,2331.5800000000004,Dhaka,1,0,0,0,0,0,0,0,0,13.834014955660821,2.2935253510723865,1.746043119427191,0.2740087889489303
Dhaka,2021-01-01,2021,47977991,1460.0,10958.63,23.97,68.65,7.4,88.3,14127642.0,1871953.0,0,2458.04,300000.0,106845.0,8944429.0,3419.0,4154.0,164.0,145.74,344417.0,85.54,7.08,5.0,38.07,56.93,28.3,2138.0,6.0,0.0,1.59,517.55,212.99,181.45,553.34,209.0,98.0,90.0,900000.0,71483,655.0,77.1,69.06,83.5,33.8,250000.0,300000.0,400000.0,20.01,4500000,60000.0,6.28,7.08,93.01,77.9,2.51,119.0,252.0,140437.0,20869,2685,51.23265790766437,0.006252867069819576,186.42775184146413,93.79300604729364,2.226958606916242,1095.8629999999998,7.547006789166181,0.3477,46237117.0,44787549.0,10501.46,10301.67,2514.86,2278.59,300000.0,300000.0,46334219.0,10587.253333333332,2417.1633333333334,Dhaka,1,0,0,0,0,0,0,0,0,14.129202224450623,2.226958606916242,1.4899123225063757,0.34277279614834233
Dhaka,2022-01-01,2022,49797952,1460.0,11331.01,24.21,68.41,7.3,88.6,14657342.0,1885933.0,0,2304.0,300000.0,111673.0,9020064.0,3631.0,4464.0,132.0,143.55,350789.0,80.63,7.91,5.0,38.83,56.17,28.51,2212.0,8.0,0.0,0.66,578.31,221.21,186.8,473.68,166.0,116.0,90.0,900000.0,72565,475.0,76.79,74.21,80.86,34.3,250000.0,300000.0,400000.0,20.57,4500000,52070.0,5.38,7.53,91.25,75.37,3.16,120.0,200.0,171752.0,20394,2071,46.26696294658865,0.006024344133670397,181.13323214577179,90.36516200505595,2.242521941464581,1133.101,7.771931452495926,0.4198,47977991.0,46237117.0,10958.63,10501.46,2458.04,2514.86,300000.0,300000.0,48004353.333333336,10930.366666666667,2425.633333333333,Dhaka,1,0,0,0,0,0,0,0,0,14.163603171699078,2.242521941464581,1.4571884401993078,0.35236600554818
Dhaka,2023-01-01,2023,49924601,1460.0,11414.6,24.87,68.38,7.15,88.9,14815465.0,1849850.0,0,2716.61,300000.0,115166.0,9350461.0,3475.0,4115.0,223.0,133.75,366971.0,84.34,6.15,5.0,38.21,56.79,27.95,2200.0,8.0,0.0,0.82,557.99,244.32,201.62,456.06,201.0,107.0,90.0,900000.0,68462,510.0,75.24,70.51,84.12,34.2,250000.0,300000.0,400000.0,21.2,4500000,60000.0,5.75,6.83,89.28,79.74,2.88,130.0,232.0,108615.0,15550,2467,54.41425560917352,0.006009061544628068,187.2916520654817,90.13592316942102,2.30679860616212,1141.46,8.009008838554477,0.42460000000000003,49797952.0,47977991.0,11331.01,10958.63,2304.0,2458.04,300000.0,300000.0,49233514.666666664,11234.746666666666,2492.8833333333337,Dhaka,1,0,0,0,0,0,0,0,0,14.43317111554651,2.30679860616212,1.3713079048944226,0.38011994472745014
Dhaka,2024-01-01,2024,50207732,1460.0,11464.76,25.4,68.14,6.46,89.2,14930781.0,1807763.0,0,2468.53,300000.0,100559.0,8698206.0,3514.0,4475.0,249.0,136.98,398106.0,88.78,5.0,5.0,39.04,55.96,28.41,1980.0,7.0,0.0,1.59,567.76,234.66,179.11,483.07,201.0,109.0,90.0,900000.0,78522,568.0,79.14,75.0,89.25,33.0,250000.0,300000.0,400000.0,22.62,4500000,60000.0,5.65,5.87,95.97,84.97,2.53,117.0,212.0,113984.0,22169,1959,49.16633159211414,0.005975175297701159,173.24435208505335,89.62762946551737,2.002858842538436,1146.476,8.259257989017366,0.3977,49924601.0,49797952.0,11414.6,11331.01,2716.61,2304.0,300000.0,300000.0,49976761.666666664,11403.456666666667,2496.3800000000006,Dhaka,1,0,0,0,0,0,0,0,0,14.823621313676453,2.002858842538436,1.5639423824203011,0.31638498057072173
Dhaka,2025-01-01,2025,51632368,1460.0,11626.05,24.79,67.81,7.47,89.5,15191760.0,1782274.0,0,2394.09,300000.0,119385.0,9044362.0,3756.0,3729.0,194.0,143.96,426276.0,94.05,5.0,5.0,40.28,54.72,29.03,2219.0,8.0,0.0,0.96,543.78,231.76,182.26,501.19,211.0,101.0,90.0,900000.0,65342,566.0,81.44,73.46,85.75,29.5,250000.0,300000.0,400000.0,23.72,4500000,60000.0,6.16,5.03,97.72,82.81,3.64,125.0,228.0,215340.0,19537,2091,46.3680069835263,0.005810308758257998,175.16845247151943,87.15463137386998,2.3122123703487705,1162.605,8.523807226049417,0.4288,50207732.0,49924601.0,11464.76,11414.6,2468.53,2716.61,300000.0,300000.0,50588233.666666664,11501.803333333331,2526.4100000000003,Dhaka,1,0,0,0,0,0,0,0,0,15.103999995899013,2.3122123703487705,1.2655239829403138,0.38592376443551846
Khulna,2010-01-01,2010,13539160,4395.0,1029.94,25.9,67.44,6.74,60.0,2715946.0,1810630.0,0,640.85,89290.0,31828.0,2496593.0,1997.0,1282.0,63.0,498.22,115145.0,62.1,22.95,21.79,32.57,45.45,28.53,1639.0,4.0,0.0,2.96,1260.14,564.52,465.56,2119.87,32.0,56.0,38.0,900000.0,19167,137.0,60.71,50.98,59.03,41.2,171841.0,108348.0,94814.0,9.5,2577806,15095.0,7.12,11.96,44.7,58.58,2.06,107.0,863.0,442463.0,3910,6901,47.33306940755556,0.006594943851760375,184.39792424345382,190.39630228167775,2.3508105377290764,102.994,1.500000552293953,0.2888,14953384.0,14952221.5,1127.9,1127.775,745.7,738.735,133256.0,130141.5,13539160.0,1029.94,640.85,Khulna,2,1,1,1,1,1,1,1,1,9.143836171336359,2.3508105377290764,1.4156712824133846,0.41944046657252
Khulna,2011-01-01,2011,13672213,4395.0,1048.46,25.69,66.45,7.65,60.25,2776322.0,1831681.0,0,684.4,98560.0,30910.0,2808599.0,2016.0,1243.0,51.0,459.42,126165.0,60.24,23.38,20.94,32.41,46.44,29.0,1621.0,4.0,0.0,2.87,1323.9,550.32,456.47,2061.58,34.0,61.0,35.0,900000.0,14756,95.0,63.94,57.96,61.78,36.1,203248.0,120787.0,94288.0,10.78,3378928,13328.0,5.37,11.23,47.45,58.58,2.31,119.0,927.0,564239.0,3407,11302,50.057733886972066,0.007208781782437123,205.42387688079464,247.13833817539268,2.260789822393785,104.846,1.5157235348294817,0.2861,13539160.0,14952221.5,1029.94,1127.775,640.85,738.735,89290.0,130141.5,13605686.5,1039.2,662.625,Khulna,2,0,1,0,1,0,1,0,1,9.481111682633045,2.260789822393785,1.079269317995558,0.495599977321155
Khulna,2012-01-01,2012,13525812,4395.0,1021.48,25.62,66.94,7.43,60.5,2716080.0,1773309.0,0,660.97,97951.0,32109.0,2383704.0,2052.0,1128.0,56.0,474.64,117416.0,55.42,26.31,19.23,34.07,46.69,28.11,1674.0,3.0,0.0,1.97,1256.17,550.79,426.02,2155.69,34.0,57.0,36.0,900000.0,16840,133.0,63.83,53.1,62.86,36.3,217809.0,116004.0,91399.0,12.51,3293505,15599.0,6.11,11.77,49.32,60.31,3.0,117.0,918.0,527676.0,3162,12157,48.8673064508068,0.007241783339883772,176.23370781731995,243.49776560549563,2.3739055370575906,102.148,1.5316450770847043,0.2091,13672213.0,13539160.0,1048.46,1029.94,684.4,640.85,98560.0,89290.0,13579061.666666666,1033.2933333333333,662.0733333333334,Khulna,2,0,0,0,0,0,0,0,0,9.107251537075458,2.3739055370575906,1.2450269159441223,0.4528880018545282
Khulna,2013-01-01,2013,14203679,4395.0,1076.36,26.1,65.6,7.56,60.75,2873841.0,1856762.0,0,756.91,93067.0,31226.0,2685425.0,2104.0,1216.0,63.0,452.82,126002.0,62.92,24.08,17.4,34.06,48.39,28.9,1692.0,4.0,1.0,3.18,1426.22,577.46,442.24,1965.19,35.0,63.0,34.0,900000.0,16300,146.0,67.94,56.79,65.36,39.1,213050.0,114569.0,83397.0,13.72,3359013,18071.0,6.52,11.55,50.39,59.55,1.55,123.0,856.0,330165.0,2956,10199,53.28971458732628,0.006552316480821624,189.06545269010937,236.48894064699715,2.1984445015970864,107.636,1.5477702581160107,0.36206664444445186,13525812.0,13672213.0,1021.48,1048.46,660.97,684.4,97951.0,98560.0,13800568.0,1048.7666666666667,700.7599999999999,Khulna,2,0,0,0,0,0,0,0,0,9.452160490932826,2.1984445015970864,1.1475900011539264,0.46383659969997915
Khulna,2014-01-01,2014,14271356,4395.0,1085.1,25.93,66.92,7.15,61.0,2909106.0,1859921.0,0,708.99,110919.0,29455.0,2785076.0,2026.0,968.0,42.0,497.25,134228.0,61.67,24.18,17.28,34.38,48.69,28.92,1737.0,5.0,1.0,3.34,1423.48,601.91,452.48,1964.72,34.0,62.0,33.0,900000.0,20891,134.0,60.24,57.19,64.45,42.0,217132.0,136286.0,79769.0,14.58,3016833,15893.0,6.5,11.08,51.47,62.48,2.17,98.0,881.0,443624.0,2461,11296,49.67923160209864,0.007772141624103554,195.15146283226346,211.39077463977495,2.0639244091451436,108.50999999999999,1.564101916156654,0.4168666444444518,14203679.0,13525812.0,1076.36,1021.48,756.91,660.97,93067.0,97951.0,14000282.333333334,1060.9799999999998,708.9566666666666,Khulna,2,0,0,0,0,0,0,0,0,9.691225471999616,2.0639244091451436,1.4638412775912815,0.4085612678262668
Khulna,2015-01-01,2015,14219700,4395.0,1089.28,24.91,66.88,7.45,61.25,2932278.0,1855115.0,0,709.35,127027.0,32719.0,2529588.0,2029.0,1419.0,58.0,451.51,134628.0,62.49,24.75,14.98,34.26,50.77,28.51,1673.0,4.0,0.0,2.86,1369.84,567.64,459.13,1987.31,30.0,67.0,34.0,900000.0,20768,111.0,67.9,55.68,66.66,39.2,228099.0,166554.0,120660.0,14.81,3302963,17265.0,6.02,10.87,58.2,61.9,1.86,121.0,903.0,364688.0,3349,13103,49.88501867127999,0.008933170179399003,177.89320449798518,232.28077948198626,2.3009627488624935,108.928,1.5806448656821814,0.2858,14271356.0,14203679.0,1085.1,1076.36,708.99,756.91,110919.0,93067.0,14231578.333333334,1083.58,725.0833333333334,Khulna,2,0,0,0,0,0,0,0,0,9.682583662486236,2.3009627488624935,1.4605090121451225,0.3826176568422681
Khulna,2016-01-01,2016,14953384,4395.0,1140.52,25.94,66.13,7.93,61.5,3082752.0,1929853.0,0,811.56,124333.0,33279.0,2804863.0,2090.0,1041.0,60.0,475.29,145084.0,64.57,23.67,14.42,34.08,51.62,28.05,1754.0,5.0,0.0,2.19,1315.13,525.46,445.38,2108.7,40.0,74.0,38.0,900000.0,21112,147.0,65.69,54.88,66.69,35.2,250000.0,171831.0,116266.0,15.84,3681421,17799.0,7.45,11.01,58.29,61.43,2.02,114.0,953.0,448610.0,2487,14785,54.27266497001615,0.008314706557391959,187.57379600497117,246.1931693856053,2.225516311224269,114.05199999999999,1.597402496459575,0.3157,14219700.0,14271356.0,1089.28,1085.1,709.35,708.99,127027.0,110919.0,14481480.0,1104.9666666666667,743.3000000000001,Khulna,2,0,0,0,0,0,0,0,0,10.007903553879137,2.225516311224269,1.411854333440511,0.4030028733054672
Khulna,2017-01-01,2017,15053631,4395.0,1127.9,26.47,66.56,7.3,61.75,3061028.0,1896103.0,0,778.68,133773.0,34891.0,2727833.0,2058.0,1118.0,61.0,432.88,140907.0,61.05,23.62,13.08,34.33,52.09,28.55,1801.0,3.0,1.0,1.66,1335.16,507.87,435.63,2090.29,33.0,76.0,39.0,900000.0,26120,134.0,64.99,63.27,69.81,37.4,250000.0,152532.0,106668.0,16.03,3009072,19337.0,7.31,10.56,58.17,64.04,2.5,122.0,1000.0,539529.0,4036,11926,51.72705508724108,0.008886427467233653,181.2076435246752,199.89011289037177,2.3177796772087746,112.79,1.6143785437816405,0.26646664444445184,14953384.0,14219700.0,1140.52,1089.28,811.56,709.35,124333.0,127027.0,14742238.333333334,1119.2333333333333,766.5299999999999,Khulna,2,0,0,0,0,0,0,0,0,9.897475585472854,2.3177796772087746,1.735129551136201,0.3214013167045877
Khulna,2018-01-01,2018,15017274,4395.0,1144.53,26.19,66.66,7.15,62.0,3118718.0,1911473.0,0,745.96,133256.0,33353.0,2787170.0,2280.0,1224.0,53.0,516.78,149879.0,66.5,22.37,12.51,35.49,52.43,28.62,1746.0,4.0,0.0,1.95,1357.0,526.41,419.59,2104.57,33.0,76.0,35.0,900000.0,21856,155.0,67.73,63.52,70.5,36.5,250000.0,148921.0,113214.0,17.35,3498781,19536.0,6.86,10.52,66.76,67.75,2.6,113.0,892.0,459711.0,3197,12945,49.67346270701327,0.008873514593926967,185.59759913816583,232.98376256569603,2.2209756577658504,114.453,1.631578369142541,0.2585,15053631.0,14953384.0,1127.9,1140.52,778.68,811.56,133773.0,124333.0,15008096.333333334,1137.6499999999999,778.7333333333332,Khulna,2,0,0,0,0,0,0,0,0,10.180478888917332,2.2209756577658504,1.4553906388070166,0.38454343391017565
Khulna,2019-01-01,2019,14951059,4395.0,1127.65,25.62,67.53,7.33,62.25,3085119.0,1870896.0,0,726.72,145827.0,32647.0,2823088.0,2283.0,1288.0,66.0,475.43,154052.0,62.97,24.33,10.04,35.74,54.25,28.69,1830.0,4.0,0.0,2.82,1412.15,510.0,441.71,2008.2,37.0,81.0,36.0,900000.0,19779,179.0,70.3,64.82,73.12,35.8,250000.0,150718.0,139530.0,19.43,3512474,18300.0,5.69,10.62,65.22,69.55,2.6,124.0,959.0,428266.0,3309,11875,48.606590342530254,0.00975362347242426,188.8219423119125,234.93145201286413,2.183591142272932,112.76500000000001,1.6490061446494086,0.2846,15017274.0,15053631.0,1144.53,1127.9,745.96,778.68,133256.0,133773.0,15007321.333333334,1133.36,750.4533333333334,Khulna,2,0,0,0,0,0,0,0,0,10.21384793261335,2.183591142272932,1.3229163231848662,0.4099917559719348
Khulna,2020-01-01,2020,15562096,4395.0,1179.34,25.26,66.6,8.14,62.5,3239507.0,1943704.0,0,761.4,151603.0,31192.0,2946156.0,2254.0,1262.0,71.0,459.6,163812.0,67.17,21.32,9.2,36.36,54.5,28.62,1681.0,4.0,0.0,2.36,1366.54,512.06,461.5,2052.61,48.0,74.0,32.0,900000.0,26050,127.0,72.75,67.78,72.37,35.6,250000.0,160039.0,158426.0,19.61,3618557,24455.0,7.71,9.97,67.97,69.84,2.16,120.0,962.0,607140.0,2356,10048,48.92657133075134,0.009741811128783681,189.31614353233653,232.52375515483263,2.0043572536758547,117.934,1.666666838160543,0.2708,14951059.0,15017274.0,1127.65,1144.53,726.72,745.96,145827.0,133256.0,15176809.666666666,1150.5066666666667,744.6933333333333,Khulna,2,0,0,0,0,0,0,0,0,10.56335371992391,2.0043572536758547,1.6739390375178254,0.3101508502453654
Khulna,2021-01-01,2021,15306413,4395.0,1169.75,26.16,66.89,6.94,62.75,3226019.0,1915047.0,0,745.7,139897.0,31743.0,3035579.0,2273.0,1400.0,57.0,466.04,168678.0,69.98,24.93,8.12,35.72,56.07,28.86,1841.0,4.0,1.0,2.1,1425.21,526.35,413.33,2055.99,36.0,79.0,37.0,900000.0,25681,131.0,73.07,65.39,73.61,34.2,250000.0,185789.0,123720.0,20.87,3624812,28827.0,4.44,10.17,69.73,75.51,2.61,108.0,922.0,494159.0,2340,11565,48.718141866418996,0.009139763836243018,198.3207300103558,236.81655525693708,2.073836633050474,116.975,1.6845638775445197,0.3296666444444519,15562096.0,14951059.0,1179.34,1127.65,761.4,726.72,151603.0,145827.0,15273189.333333334,1158.9133333333332,744.6066666666667,Khulna,2,0,0,0,0,0,0,0,0,10.538450738064586,2.073836633050474,1.6777934843388846,0.30802869407189004
Khulna,2022-01-01,2022,16272007,4395.0,1232.75,26.88,66.39,7.16,63.0,3413309.0,2004642.0,0,771.84,215401.0,36613.0,2925442.0,2258.0,1227.0,74.0,499.46,170105.0,67.32,20.5,6.33,37.28,57.68,27.99,1739.0,4.0,0.0,2.54,1335.56,570.1,444.21,2058.27,37.0,76.0,39.0,900000.0,21454,129.0,71.65,68.41,75.69,33.2,250000.0,192203.0,181783.0,21.76,3241648,23600.0,7.17,9.64,70.95,73.87,2.29,104.0,881.0,343855.0,2774,9439,47.43360791327093,0.01323751888749802,179.78372305272484,199.21623681700729,2.2500604873141956,123.275,1.702702527433826,0.2762,15306413.0,15562096.0,1169.75,1179.34,745.7,761.4,139897.0,151603.0,15713505.333333334,1193.9466666666667,759.6466666666666,Khulna,2,0,0,0,0,0,0,0,0,10.740905015075445,2.2500604873141956,1.3184605930909445,0.4064252457963544
Khulna,2023-01-01,2023,16487962,4395.0,1244.08,26.16,65.93,7.91,63.25,3458327.0,2009384.0,0,731.77,199256.0,40369.0,2917061.0,2440.0,1519.0,75.0,478.48,175786.0,69.06,19.88,5.83,36.45,57.73,28.39,1745.0,4.0,0.0,2.54,1373.99,535.44,476.12,1999.72,43.0,79.0,36.0,900000.0,26631,179.0,72.19,68.51,75.82,30.9,250000.0,204289.0,130676.0,22.84,3771609,24048.0,6.26,10.17,73.77,77.13,2.19,110.0,928.0,455381.0,3082,10694,44.38207705718875,0.012084938089983469,176.92065277685623,228.74925354631458,2.4483923483084205,124.40799999999999,1.7210881543796506,0.2762,16272007.0,15306413.0,1232.75,1169.75,771.84,745.7,215401.0,139897.0,16022127.333333334,1215.5266666666666,749.77,Khulna,2,0,0,0,0,0,0,0,0,10.892658151367883,2.4483923483084205,1.615178395001153,0.32738861729970026
Khulna,2024-01-01,2024,16481798,4395.0,1234.38,27.34,66.36,6.33,63.5,3444949.0,1980167.0,0,850.76,210147.0,43393.0,2887807.0,2322.0,1702.0,72.0,509.7,179207.0,71.15,21.45,5.0,37.82,57.18,29.19,1919.0,4.0,0.0,2.27,1365.75,537.52,461.92,1997.33,46.0,86.0,36.0,900000.0,26746,202.0,75.47,68.75,76.39,32.0,250000.0,187256.0,162477.0,25.3,3673995,25426.0,6.84,10.15,77.85,78.13,2.9,119.0,895.0,558298.0,3522,11569,51.6181547668525,0.012750247272779342,175.2118913239927,222.9122696443677,2.632783146596021,123.43800000000002,1.7397264978155882,0.2681,16487962.0,16272007.0,1244.08,1232.75,731.77,771.84,199256.0,215401.0,16413922.333333334,1237.07,784.79,Khulna,2,0,0,0,0,0,0,0,0,10.906242877908433,2.632783146596021,1.6227598469535909,0.31393743979206634
Khulna,2025-01-01,2025,16633069,4395.0,1259.89,25.72,66.9,7.42,63.75,3529973.0,2007240.0,0,884.78,219822.0,36034.0,3020019.0,2371.0,1560.0,64.0,474.65,201154.0,71.72,19.77,5.0,37.52,57.48,29.31,1803.0,3.0,0.0,1.75,1429.32,564.47,453.84,1965.36,50.0,85.0,39.0,900000.0,19677,199.0,80.62,73.82,82.06,30.1,250000.0,221684.0,238697.0,24.39,3682612,32849.0,4.93,9.2,74.74,83.0,2.88,113.0,853.0,469810.0,2808,10832,53.19403172078466,0.01321596152820625,181.56715396298782,221.40303752722966,2.1664071735649024,125.989,1.7586202945337877,0.20249999999999999,16481798.0,16487962.0,1234.38,1244.08,850.76,731.77,210147.0,199256.0,16534276.333333334,1246.1166666666668,822.4366666666666,Khulna,2,0,0,0,0,0,0,0,0,11.422081318116424,2.1664071735649024,1.1830047719996832,0.41024875928008236
Rajshahi,2010-01-01,2010,14807442,2400.0,2045.73,27.17,65.99,7.3,55.0,2700359.0,2209385.0,0,825.09,96913.0,36785.0,2738029.0,1825.0,1211.0,73.0,266.7,110250.0,62.7,27.24,30.27,23.78,45.27,29.01,1522.0,4.0,1.0,3.19,620.41,285.3,236.68,1257.61,33.0,57.0,43.0,900000.0,17456,162.0,58.72,52.74,60.65,42.5,181109.0,89040.0,86029.0,11.19,3533076,15540.0,6.78,10.76,41.64,56.9,2.04,119.0,598.0,217845.0,1627,9334,55.721305543523314,0.006544884660024331,184.908980227645,238.60137355256904,2.4842238112430226,204.573,1.2222220210601593,0.3623666444444519,16607481.0,16551567.5,2328.27,2313.6400000000003,830.5,828.5,138035.0,136665.0,14807442.0,2045.73,825.09,Rajshahi,3,1,1,1,1,1,1,1,1,8.837526376340321,2.4842238112430226,1.178866680686644,0.48797466302147263
Rajshahi,2011-01-01,2011,15358651,2400.0,2120.4,26.43,66.27,7.3,55.25,2811656.0,2277315.0,0,806.26,100685.0,31719.0,2861155.0,1886.0,1016.0,63.0,266.21,107120.0,56.14,26.74,28.74,25.09,45.99,29.32,1465.0,3.0,0.0,3.47,720.0,233.9,231.49,1190.5,32.0,52.0,47.0,900000.0,18334,176.0,61.52,53.99,59.68,39.0,185580.0,85175.0,85615.0,10.93,3626657,10601.0,7.2,11.13,43.18,55.16,2.05,119.0,516.0,225363.0,2412,14662,52.49549586093206,0.006555588768831325,186.2894729491542,236.13122011822523,2.065220441560916,212.04000000000002,1.234636402956991,0.2541,14807442.0,16551567.5,2045.73,2313.6400000000003,825.09,828.5,96913.0,136665.0,15083046.5,2083.065,815.675,Rajshahi,3,0,1,0,1,0,1,0,1,8.74432,2.065220441560916,1.1937246311541294,0.47431159589992633
Rajshahi,2012-01-01,2012,15178383,2400.0,2071.05,26.92,64.7,8.15,55.5,2758641.0,2211884.0,0,718.1,116854.0,32036.0,2744460.0,1995.0,1414.0,68.0,249.95,120007.0,60.49,23.64,27.82,25.27,46.91,28.71,1468.0,3.0,0.0,4.22,690.89,283.44,241.34,1184.33,34.0,60.0,43.0,900000.0,21018,207.0,64.54,52.78,62.82,36.9,210155.0,96091.0,105518.0,12.47,3338531,11705.0,5.75,10.62,45.91,61.19,1.92,108.0,473.0,200221.0,2192,13444,47.310704967716255,0.007698712043305272,180.8137269958203,219.95300816957908,2.1106332604731346,207.10500000000002,1.2471906302500493,0.27659999999999996,15358651.0,14807442.0,2120.4,2045.73,806.26,825.09,100685.0,96913.0,15114825.333333334,2079.06,783.15,Rajshahi,3,0,0,0,0,0,0,0,0,9.27995309286536,2.1106332604731346,1.3847324843496176,0.4140795540690994
Rajshahi,2013-01-01,2013,15893159,2400.0,2205.47,25.57,66.57,7.92,55.75,2950924.0,2342213.0,0,906.87,103490.0,35939.0,3135697.0,1990.0,1166.0,62.0,249.91,120696.0,59.46,23.96,26.07,26.17,47.36,29.47,1446.0,3.0,0.0,3.2,691.06,275.49,228.56,1195.55,36.0,64.0,43.0,900000.0,18387,158.0,65.35,59.79,63.14,38.0,233729.0,136112.0,112625.0,13.82,3809123,12492.0,5.79,10.93,48.9,60.64,1.92,107.0,567.0,167946.0,2409,11921,57.06039938315599,0.006511606660450575,197.29853580398964,239.67060293048098,2.2612873878629163,220.54699999999997,1.2598871238439886,0.246,15178383.0,15358651.0,2071.05,2120.4,718.1,806.26,116854.0,100685.0,15476731.0,2132.306666666667,810.41,Rajshahi,3,0,0,0,0,0,0,0,0,9.29117641821968,2.2612873878629163,1.1569128579157864,0.4704776569418956
Rajshahi,2014-01-01,2014,16196843,2400.0,2249.04,26.84,64.63,7.92,56.0,3022715.0,2374991.0,0,799.0,113306.0,35912.0,2963485.0,2148.0,1435.0,49.0,242.99,126077.0,61.34,23.59,25.31,25.64,49.01,28.87,1580.0,4.0,1.0,3.58,722.53,289.28,222.0,1165.75,31.0,68.0,52.0,900000.0,21871,169.0,67.41,57.47,65.49,40.6,236263.0,135424.0,115174.0,13.83,3277088,17611.0,5.99,10.66,50.65,64.51,1.75,120.0,548.0,131011.0,2403,14422,49.330601031324434,0.006995560801571022,182.9668287826214,202.32881185549553,2.2172222080562243,224.904,1.2727269282283595,0.37406664444445187,15893159.0,15178383.0,2205.47,2071.05,906.87,718.1,103490.0,116854.0,15756128.333333334,2175.1866666666665,807.9900000000001,Rajshahi,3,0,0,0,0,0,0,0,0,9.471232867387014,2.2172222080562243,1.3503248750389196,0.4129805324898809
Rajshahi,2015-01-01,2015,16495654,2400.0,2274.22,27.34,65.94,6.97,56.25,3070203.0,2387935.0,0,942.16,138035.0,34284.0,2865161.0,1891.0,1344.0,55.0,274.21,133223.0,62.87,25.32,23.13,26.42,50.45,29.12,1725.0,3.0,0.0,3.15,729.48,270.6,234.86,1138.5,42.0,74.0,44.0,900000.0,25679,140.0,64.7,57.37,65.58,39.0,250000.0,168188.0,153963.0,15.66,4031196,15475.0,7.11,10.64,52.84,61.19,2.47,122.0,599.0,295791.0,2017,12247,57.11564997665446,0.00836796164614025,173.69187059815877,244.37927711141373,2.0783656107238913,227.42199999999997,1.285714644661601,0.2445,16196843.0,15893159.0,2249.04,2205.47,799.0,906.87,113306.0,103490.0,16195218.666666666,2242.91,882.6766666666666,Rajshahi,3,0,0,0,0,0,0,0,0,9.622472863310925,2.0783656107238913,1.5567130590881697,0.3688046046370759
Rajshahi,2016-01-01,2016,16416193,2400.0,2299.01,26.28,66.22,7.75,56.5,3117455.0,2400164.0,0,832.54,135295.0,35419.0,2963977.0,2110.0,1331.0,73.0,228.96,125023.0,63.82,26.39,22.45,26.06,51.6,29.68,1475.0,3.0,1.0,3.76,728.34,284.92,227.4,1150.81,52.0,58.0,50.0,900000.0,22001,179.0,65.38,58.09,65.49,37.6,232631.0,142458.0,108184.0,16.7,3697889,15226.0,6.07,10.83,57.99,66.17,1.86,116.0,605.0,198106.0,1994,11916,50.71455970333682,0.008241557588900179,180.55203176522107,225.25862116752648,2.157564789838911,229.901,1.2988508285267173,0.32946664444445184,16495654.0,16196843.0,2274.22,2249.04,942.16,799.0,138035.0,113306.0,16369563.333333334,2274.09,857.9,Rajshahi,3,0,0,0,0,0,0,0,0,9.343358758007257,2.157564789838911,1.3402011050917835,0.4227177126761363
Rajshahi,2017-01-01,2017,16607481,2400.0,2328.27,25.79,67.01,7.2,56.75,3171108.0,2416747.0,0,824.52,124074.0,40122.0,3038518.0,2092.0,1344.0,69.0,252.07,143106.0,67.16,23.81,21.41,27.04,51.78,29.22,1518.0,3.0,0.0,2.98,656.37,262.81,220.95,1234.51,32.0,74.0,50.0,900000.0,26311,172.0,68.97,60.4,68.89,38.1,250000.0,113731.0,143094.0,17.14,3855189,18413.0,5.9,10.46,59.55,66.46,1.85,104.0,572.0,268494.0,1605,14069,49.647505241764236,0.007470970462046592,182.9607994132283,232.1356863211224,2.415899196271849,232.827,1.3121390033793359,0.2394,16416193.0,16495654.0,2299.01,2274.22,832.54,942.16,135295.0,138035.0,16506442.666666666,2300.5,866.4066666666668,Rajshahi,3,0,0,0,0,0,0,0,0,9.950127672782145,2.415899196271849,1.5842860214622554,0.3466906344198136
Rajshahi,2018-01-01,2018,17372073,2400.0,2475.8,27.24,65.62,7.14,57.0,3386901.0,2555031.0,0,826.5,143414.0,34239.0,3344279.0,2019.0,1500.0,85.0,226.31,138271.0,63.95,23.51,20.13,27.94,52.58,28.38,1357.0,3.0,0.0,2.97,774.69,268.99,229.45,1157.96,47.0,69.0,44.0,900000.0,27599,211.0,66.35,59.57,69.61,34.6,243070.0,165526.0,149711.0,17.9,3728542,17905.0,6.58,10.16,63.35,67.8,2.0,118.0,556.0,249007.0,2871,12866,47.57636005789292,0.00825543387942245,192.5089193442832,214.62850173378848,1.9709219504200794,247.58,1.3255811769015717,0.2391,16607481.0,16416193.0,2328.27,2299.01,824.52,832.54,124074.0,135295.0,16798582.333333332,2367.693333333333,827.8533333333334,Rajshahi,3,0,0,0,0,0,0,0,0,9.828829286990615,1.9709219504200794,1.588699287644025,0.3547131852125535
Rajshahi,2019-01-01,2019,16825207,2400.0,2362.81,27.0,65.35,7.62,57.25,3246501.0,2424243.0,0,825.21,141155.0,35028.0,2996494.0,2091.0,1378.0,76.0,227.87,162010.0,64.14,25.29,18.2,28.26,53.24,30.09,1586.0,4.0,0.0,3.35,734.73,315.63,239.79,1102.32,36.0,75.0,43.0,900000.0,18604,193.0,70.67,67.54,70.52,33.2,250000.0,146836.0,158349.0,18.45,3615963,17606.0,7.28,9.67,64.63,70.66,1.99,92.0,490.0,193305.0,2536,18045,49.04605334127538,0.008389495594318692,178.09552060785938,214.91343316013885,2.0818763180744226,236.281,1.3391813444444307,0.3005,17372073.0,16607481.0,2475.8,2328.27,826.5,824.52,143414.0,124074.0,16934920.333333332,2388.96,825.41,Rajshahi,3,0,0,0,0,0,0,0,0,10.370628773613728,2.0818763180744226,1.10572190880029,0.4651673037119246
Rajshahi,2020-01-01,2020,17475446,2400.0,2432.55,25.52,67.77,6.71,57.5,3356921.0,2481202.0,0,910.01,156222.0,38616.0,3063515.0,2191.0,1482.0,80.0,293.32,148664.0,64.82,23.41,17.48,28.03,54.97,29.11,1490.0,4.0,0.0,4.02,700.69,299.49,221.63,1159.03,39.0,77.0,51.0,900000.0,23495,191.0,69.22,65.4,70.03,37.5,250000.0,151960.0,145060.0,20.38,3711487,16968.0,6.78,9.97,68.35,70.29,1.74,125.0,543.0,159901.0,2232,8139,52.07363520221458,0.00893951433342531,175.3039664910412,212.38296292981593,2.2097290106358374,243.25500000000002,1.352941437255008,0.3206,16825207.0,17372073.0,2362.81,2475.8,825.21,826.5,141155.0,143414.0,17224242.0,2423.7200000000003,853.9066666666668,Rajshahi,3,0,0,0,0,0,0,0,0,10.111045945361491,2.2097290106358374,1.344457818129506,0.40817096728632846
Rajshahi,2021-01-01,2021,17279136,2400.0,2405.28,25.36,66.9,7.45,57.75,3333713.0,2438951.0,0,874.4,177824.0,37884.0,3134905.0,2197.0,1458.0,76.0,268.98,157813.0,64.26,22.14,15.93,28.28,55.79,29.08,1549.0,3.0,1.0,2.74,747.42,261.18,227.81,1192.43,44.0,82.0,47.0,900000.0,24867,234.0,70.81,69.0,76.13,31.8,250000.0,165955.0,154798.0,21.71,3527809,23785.0,6.25,9.49,68.32,74.08,1.96,117.0,505.0,171140.0,1925,10194,50.6043820709554,0.010291255303505916,181.4271847851652,204.1658217170118,2.1924707346478436,240.52800000000002,1.366863458921479,0.2988666444444519,17475446.0,16825207.0,2432.55,2362.81,910.01,825.21,156222.0,141155.0,17193263.0,2400.2133333333336,869.8733333333333,Rajshahi,3,0,0,0,0,0,0,0,0,10.388159926504992,2.1924707346478436,1.4391344567228364,0.3779900412520626
Rajshahi,2022-01-01,2022,17717489,2400.0,2474.5,27.09,66.6,7.24,58.0,3444502.0,2494295.0,0,830.5,183947.0,40147.0,3430038.0,2213.0,1402.0,61.0,240.28,159492.0,64.95,21.47,15.08,28.44,56.86,29.89,1504.0,3.0,0.0,3.74,730.63,270.94,231.15,1169.67,42.0,80.0,47.0,900000.0,21364,144.0,76.55,71.1,75.42,33.1,250000.0,185207.0,153582.0,22.04,3649509,25481.0,6.53,9.58,71.46,76.35,1.8,120.0,514.0,189910.0,2372,15190,46.87458815411146,0.010382227413828224,193.59616929915973,205.98342123988334,2.265953149455885,247.45,1.3809521327669743,0.2622,17279136.0,17475446.0,2405.28,2432.55,874.4,910.01,177824.0,156222.0,17490690.333333332,2437.443333333333,871.6366666666667,Rajshahi,3,0,0,0,0,0,0,0,0,10.45418608179954,2.265953149455885,1.2058142099029947,0.4185633054252214
Rajshahi,2023-01-01,2023,18365333,2400.0,2549.47,26.36,66.23,7.78,58.25,3564158.0,2554568.0,0,909.48,186780.0,45908.0,3185671.0,2123.0,1726.0,79.0,270.89,167649.0,67.33,22.42,12.91,28.22,58.87,29.08,1310.0,3.0,0.0,5.32,716.53,288.05,264.9,1128.73,53.0,84.0,51.0,900000.0,27258,268.0,70.42,65.17,77.69,29.5,250000.0,214094.0,132275.0,21.9,3771300,28144.0,6.54,9.8,66.42,76.1,1.57,123.0,578.0,266640.0,2701,10315,49.52156326269717,0.010170248478478446,173.46110740273537,205.3488493783369,2.499709643163018,254.94699999999997,1.3952096792882398,0.3096,17717489.0,17279136.0,2474.5,2405.28,830.5,874.4,183947.0,177824.0,17787319.333333332,2476.4166666666665,871.46,Rajshahi,3,0,0,0,0,0,0,0,0,10.611001336602671,2.499709643163018,1.4842094069298934,0.3676355541982277
Rajshahi,2024-01-01,2024,18265482,2400.0,2524.32,25.7,66.9,7.4,58.5,3544149.0,2514225.0,0,920.15,199589.0,37934.0,3518768.0,2331.0,1392.0,65.0,224.99,172112.0,70.12,20.15,12.6,28.68,58.7,28.51,1664.0,3.0,0.0,3.02,729.95,304.49,247.79,1136.3,30.0,87.0,49.0,900000.0,26661,181.0,76.08,68.3,77.43,32.8,250000.0,210214.0,233455.0,24.6,4285624,29170.0,6.21,9.54,75.95,74.4,2.3,118.0,519.0,277328.0,1898,13205,50.3764422970059,0.010927113776685444,192.64577852366557,234.62966923073807,2.0768135218112502,252.43200000000002,1.4096387554813112,0.24059999999999998,18365333.0,17717489.0,2549.47,2474.5,909.48,830.5,186780.0,183947.0,18116101.333333332,2516.0966666666664,886.71,Rajshahi,3,0,0,0,0,0,0,0,0,10.799987227684557,2.0768135218112502,1.4596384590343687,0.3542140006510641
Rajshahi,2025-01-01,2025,18344605,2400.0,2549.61,24.96,66.75,7.52,58.75,3594954.0,2524117.0,0,926.7,193231.0,42972.0,3457490.0,2352.0,1519.0,78.0,249.9,176412.0,67.63,20.2,9.69,29.69,60.62,29.21,1483.0,4.0,0.0,4.02,718.97,279.99,239.23,1163.7,60.0,71.0,46.0,900000.0,27316,242.0,73.49,69.1,78.47,29.9,250000.0,216927.0,171563.0,25.2,4141363,25188.0,6.37,9.04,75.29,77.05,1.83,121.0,505.0,182419.0,2699,12783,50.51621444015829,0.010533396603524578,188.4744860955033,225.7537297750483,2.3424870690865243,254.961,1.4242422201506506,0.3206,18265482.0,18365333.0,2524.32,2549.47,920.15,909.48,199589.0,186780.0,18325140.0,2541.133333333333,918.7766666666666,Rajshahi,3,0,0,0,0,0,0,0,0,10.894041787700985,2.3424870690865243,1.4890481424920297,0.35563248295207234
Sylhet,2010-01-01,2010,12026667,3490.0,1154.45,25.64,66.66,7.32,45.0,1813066.0,2215969.0,0,581.89,82729.0,27621.0,2176556.0,1599.0,987.0,54.0,429.57,122375.0,62.79,27.78,25.23,24.73,49.94,26.59,3873.0,7.0,1.0,0.0,889.86,361.66,311.48,1909.97,20.0,57.0,35.0,900000.0,16063,148.0,60.9,49.25,60.51,40.2,142627.0,70559.0,81504.0,10.93,2878672,14275.0,7.26,9.51,42.33,55.32,4.28,115.0,863.0,897969.0,3764,9307,48.3833135148749,0.006878796926862613,180.97748944075695,239.35742130384088,2.2966462778091388,115.44500000000001,0.8181820233044776,0.41666664444445184,13565333.0,13443341.0,1291.52,1276.195,682.8,674.06,110463.0,105164.5,12026667.0,1154.45,581.89,Sylhet,4,1,1,1,1,1,1,1,1,9.214880012632573,2.2966462778091388,1.3356152623166502,0.439590031797671
Sylhet,2011-01-01,2011,12245638,3490.0,1155.94,26.97,65.3,7.13,45.4,1831539.0,2202688.0,0,628.82,86209.0,29425.0,2264291.0,1582.0,1221.0,52.0,417.65,117237.0,60.86,25.36,23.74,24.83,51.71,26.73,3385.0,7.0,1.0,0.0,892.93,361.25,298.97,1906.8,23.0,60.0,34.0,900000.0,16269,120.0,59.06,47.28,60.65,38.6,164928.0,82646.0,97416.0,11.98,3220809,14744.0,7.98,9.94,44.43,56.41,3.7,122.0,906.0,784649.0,2298,10225,51.35052987847591,0.00703997619397209,184.90592323568603,263.0168391389652,2.402896443615269,115.59400000000001,0.8315017832757068,0.41666664444445184,12026667.0,13443341.0,1154.45,1276.195,581.89,674.06,82729.0,105164.5,12136152.5,1155.1950000000002,605.355,Sylhet,4,0,1,0,1,0,1,0,1,9.133038704212423,2.402896443615269,1.3285547065820498,0.44786577628866703
Sylhet,2012-01-01,2012,12414342,3490.0,1179.4,25.82,66.71,7.46,45.8,1885184.0,2230939.0,0,616.26,85422.0,29691.0,2203272.0,1636.0,969.0,45.0,383.66,124712.0,65.28,23.97,22.65,25.73,51.39,26.9,3196.0,7.0,1.0,0.0,954.33,354.38,299.78,1849.99,22.0,65.0,40.0,900000.0,17461,146.0,65.12,55.43,59.98,39.3,184945.0,82133.0,117611.0,12.79,2632643,13806.0,6.81,9.12,45.2,57.66,4.05,136.0,814.0,707664.0,2769,9129,49.64097170836763,0.006880912415656021,177.4779525165329,212.06464265282847,2.391669248358068,117.94000000000001,0.8450181739617264,0.41666664444445184,12245638.0,12026667.0,1155.94,1154.45,628.82,581.89,86209.0,82729.0,12228882.333333334,1163.2633333333333,608.99,Sylhet,4,0,0,0,0,0,0,0,0,9.416440821297288,2.391669248358068,1.406518364001894,0.4063852253595076
Sylhet,2013-01-01,2013,12557180,3490.0,1218.23,27.14,65.68,7.2,46.2,1964250.0,2287373.0,0,590.92,85320.0,29393.0,2538397.0,1656.0,939.0,64.0,429.61,140953.0,68.11,23.11,21.2,25.49,52.75,26.35,3477.0,6.0,1.0,0.0,966.58,368.34,310.14,1803.03,26.0,57.0,42.0,900000.0,18955,126.0,59.57,58.27,64.47,38.6,184908.0,90856.0,103254.0,13.92,3062562,17366.0,7.34,9.0,49.06,58.55,3.7,141.0,843.0,817103.0,2139,10105,47.058336346217864,0.006794519151592953,202.14705849561764,243.88931272785769,2.3407325530095133,121.82300000000001,0.8587362008732288,0.36666664444445185,12414342.0,12245638.0,1179.4,1155.94,616.26,628.82,85422.0,86209.0,12405720.0,1184.5233333333335,612.0,Sylhet,4,0,0,0,0,0,0,0,0,9.91699564535472,2.3407325530095133,1.5094949662264936,0.3990363087811116
Sylhet,2014-01-01,2014,12769631,3490.0,1238.81,25.72,66.67,7.62,46.6,2014733.0,2308728.0,0,687.18,91071.0,29370.0,2451130.0,1606.0,1078.0,57.0,399.85,140252.0,65.92,23.58,19.6,26.47,53.9,26.88,3644.0,6.0,3.0,0.0,904.6,379.69,313.27,1892.45,20.0,62.0,37.0,900000.0,14558,160.0,62.07,51.5,66.83,36.5,186093.0,106963.0,116262.0,13.97,2899909,19876.0,6.61,8.98,49.65,60.71,4.82,150.0,813.0,748885.0,2963,11537,53.8136145046008,0.007131842729049884,191.94994749652514,227.09418933092115,2.299988151576189,123.881,0.8726593171651229,0.4999999333333556,12557180.0,12414342.0,1218.23,1179.4,590.92,616.26,85320.0,85422.0,12580384.333333334,1212.1466666666665,631.4533333333333,Sylhet,4,0,0,0,0,0,0,0,0,9.881003907977304,2.299988151576189,1.1400486043801892,0.48634236286115085
Sylhet,2015-01-01,2015,13321349,3490.0,1260.07,26.48,66.12,7.78,47.0,2066899.0,2330758.0,0,698.81,110463.0,28812.0,2412817.0,1675.0,1075.0,54.0,402.36,148323.0,65.22,22.68,19.09,26.22,54.64,26.29,3571.0,7.0,1.0,0.0,882.3,344.59,291.42,1945.85,28.0,66.0,38.0,900000.0,20850,179.0,61.91,54.91,66.67,36.9,210234.0,115318.0,117188.0,16.52,3055915,17889.0,6.55,9.11,52.36,62.84,5.34,136.0,921.0,1043606.0,3521,11736,52.4579004723921,0.008292178217085971,181.12407384567433,229.39981528897712,2.162844018274726,126.00699999999999,0.8867926228291397,0.41666664444445184,12769631.0,12557180.0,1238.81,1218.23,687.18,590.92,91071.0,85320.0,12882720.0,1239.0366666666666,658.9699999999999,Sylhet,4,0,0,0,0,0,0,0,0,10.128878852728974,2.162844018274726,1.5651568020626139,0.3763742314637204
Sylhet,2016-01-01,2016,13255385,3490.0,1260.87,26.43,65.75,7.86,47.4,2085814.0,2314637.0,0,665.32,99027.0,29907.0,2330400.0,1708.0,1017.0,58.0,354.71,146914.0,63.72,23.67,17.08,26.74,55.65,26.35,3526.0,7.0,1.0,0.0,863.54,411.29,306.93,1933.2,27.0,73.0,37.0,900000.0,20634,131.0,64.76,59.19,68.39,37.8,233934.0,111795.0,137538.0,15.68,2713372,18437.0,6.13,9.1,58.75,66.08,4.4,136.0,906.0,856211.0,3686,11424,50.192431227006985,0.007470699643956022,175.80779434169585,204.69959944581012,2.256215115592644,126.08699999999999,0.9011408700370728,0.41666664444445184,13321349.0,12769631.0,1260.07,1238.81,698.81,687.18,110463.0,91071.0,13115455.0,1253.25,683.77,Sylhet,4,0,0,0,0,0,0,0,0,10.056053801157224,2.256215115592644,1.5566503726598662,0.36861090310843475
Sylhet,2017-01-01,2017,13565333,3490.0,1298.1,25.67,66.55,7.84,47.8,2165523.0,2364859.0,0,662.21,99866.0,33008.0,2579028.0,1694.0,1022.0,50.0,367.84,155020.0,64.76,23.43,15.77,27.77,56.46,26.46,3676.0,6.0,1.0,0.0,937.28,383.5,308.66,1901.52,22.0,75.0,40.0,900000.0,21830,154.0,67.42,59.9,69.21,36.2,239672.0,117378.0,147358.0,17.61,2799370,25679.0,7.05,8.82,58.1,65.46,3.54,128.0,826.0,620810.0,5602,10875,48.816346786326584,0.007361853925738499,190.11903356887737,206.36205539517533,2.4332613139684813,129.81,0.9157091395300946,0.36666664444445185,13255385.0,13321349.0,1260.87,1260.07,665.32,698.81,99027.0,110463.0,13380689.0,1273.013333333333,675.4466666666667,Sylhet,4,0,0,0,0,0,0,0,0,10.271277125198257,2.4332613139684813,1.6092491057904734,0.3456252324944769
Sylhet,2018-01-01,2018,13828525,3490.0,1291.52,27.43,64.96,7.77,48.2,2172575.0,2334842.0,0,684.05,120483.0,27021.0,2445794.0,1698.0,1067.0,56.0,346.38,163109.0,69.1,21.15,14.61,27.16,58.23,26.31,3240.0,7.0,1.0,0.0,912.39,369.57,315.1,1881.3,27.0,76.0,44.0,900000.0,21647,166.0,67.64,61.4,71.46,35.3,223832.0,126530.0,141252.0,19.03,2988992,24898.0,6.39,8.47,58.42,65.39,3.78,131.0,956.0,808522.0,4328,9166,49.46659170085024,0.008712642888522094,176.8658624112116,216.1468414021018,1.9540044943332713,129.152,0.9305019354628707,0.41666664444445184,13565333.0,13255385.0,1298.1,1260.87,662.21,665.32,99866.0,99027.0,13549747.666666666,1283.4966666666667,670.5266666666666,Sylhet,4,0,0,0,0,0,0,0,0,10.553125945661453,1.9540044943332713,1.5653874870964184,0.3562592533549312
Sylhet,2019-01-01,2019,14443489,3490.0,1359.17,27.72,64.73,7.55,48.6,2305337.0,2438155.0,0,682.8,123007.0,30956.0,2613991.0,1778.0,915.0,61.0,346.43,160082.0,65.67,18.6,12.38,27.5,59.12,26.23,3544.0,6.0,2.0,0.0,943.38,354.12,311.39,1858.15,30.0,76.0,41.0,900000.0,21623,172.0,65.33,62.63,70.39,31.5,250000.0,115333.0,136410.0,20.84,3493532,21919.0,7.4,8.68,64.34,65.33,3.87,120.0,828.0,457833.0,4373,11435,47.27389621718132,0.008516432560027567,180.98057886152023,241.8759068532541,2.143249460016205,135.917,0.9455252024584163,0.43333328888890366,13828525.0,13565333.0,1291.52,1298.1,684.05,662.21,120483.0,99866.0,13945782.333333334,1316.2633333333333,676.3533333333334,Sylhet,4,0,0,0,0,0,0,0,0,10.576351407306447,2.143249460016205,1.497075948892958,0.38210525328783096
Sylhet,2020-01-01,2020,14039747,3490.0,1341.22,27.14,64.97,7.53,49.0,2293613.0,2387230.0,0,637.88,134543.0,31612.0,2547674.0,1869.0,1114.0,64.0,354.32,172102.0,71.64,19.91,11.43,28.07,60.53,27.49,3359.0,7.0,0.0,0.0,914.5,346.73,309.84,1914.2,31.0,77.0,37.0,900000.0,19197,126.0,68.51,63.99,73.11,33.2,237600.0,134368.0,103241.0,19.78,3435114,25318.0,7.24,8.52,67.35,70.71,4.45,138.0,877.0,692449.0,4053,9503,45.43386714874563,0.009583007443082842,181.4615320347297,244.67064826737976,2.251607525406263,134.122,0.960784256230024,0.35,14443489.0,13828525.0,1359.17,1291.52,682.8,684.05,123007.0,120483.0,14103920.333333334,1330.6366666666665,668.2433333333332,Sylhet,4,0,0,0,0,0,0,0,0,10.809023084702156,2.251607525406263,1.3673323315583963,0.40470859379481694
Sylhet,2021-01-01,2021,14420142,3490.0,1367.41,26.47,66.34,7.21,49.4,2357499.0,2414767.0,0,812.17,120013.0,34513.0,2733846.0,1810.0,1344.0,59.0,343.07,177112.0,66.37,20.43,10.15,28.76,61.2,26.04,3307.0,6.0,1.0,0.0,1040.14,348.44,316.07,1786.7,27.0,72.0,38.0,900000.0,22635,127.0,71.38,65.85,74.61,34.0,250000.0,171312.0,149960.0,22.5,3179567,19867.0,6.6,8.33,69.41,71.49,4.01,139.0,863.0,878305.0,2294,8995,56.32191416700335,0.008322594881520585,189.58523432016133,220.49484672203644,2.393388359143759,136.741,0.9762842543400667,0.36666664444445185,14039747.0,14443489.0,1341.22,1359.17,637.88,682.8,134543.0,123007.0,14301126.0,1355.9333333333334,710.9499999999999,Sylhet,4,0,0,0,0,0,0,0,0,10.900477626748946,2.393388359143759,1.56967941092397,0.34205335315976776
Sylhet,2022-01-01,2022,14887229,3490.0,1402.19,26.59,65.98,7.42,49.8,2437042.0,2456616.0,0,777.1,157316.0,30460.0,2850314.0,1986.0,1166.0,79.0,366.73,192127.0,72.73,21.81,9.93,27.99,62.08,25.94,3447.0,7.0,1.0,0.0,919.33,403.38,316.96,1838.17,31.0,83.0,40.0,900000.0,22902,191.0,67.36,62.2,76.13,31.9,250000.0,155766.0,247250.0,22.92,3596524,23595.0,7.39,8.22,67.62,74.25,4.28,119.0,769.0,725460.0,4515,10765,52.19910300298329,0.010567178082637138,191.46034497084716,241.58451515725326,2.0460489994477817,140.219,0.9920321287494668,0.41666664444445184,14420142.0,14039747.0,1367.41,1341.22,812.17,637.88,120013.0,134543.0,14449039.333333334,1370.2733333333333,742.3833333333333,Sylhet,4,0,0,0,0,0,0,0,0,11.161368535538083,2.0460489994477817,1.5383655346471798,0.3642649609917333
Sylhet,2023-01-01,2023,15255653,3490.0,1478.11,25.98,66.5,7.69,50.2,2589627.0,2568992.0,0,745.07,170737.0,30706.0,2745327.0,1812.0,1125.0,57.0,358.33,182611.0,69.07,20.14,8.09,28.62,63.52,26.6,3430.0,6.0,2.0,0.0,958.74,362.37,308.57,1857.04,28.0,91.0,38.0,900000.0,23453,171.0,71.83,65.43,78.62,31.1,250000.0,158342.0,172953.0,23.45,3431069,22117.0,6.49,8.24,72.91,78.29,3.62,130.0,905.0,606288.0,4458,6596,48.83894514380997,0.011191720210206669,179.95473546756733,224.90476153331488,2.0127620889122215,147.81099999999998,1.0080323333042687,0.43333328888890366,14887229.0,14420142.0,1402.19,1367.41,777.1,812.17,157316.0,120013.0,14854341.333333334,1415.9033333333334,778.1133333333333,Sylhet,4,0,0,0,0,0,0,0,0,11.030740215369105,2.0127620889122215,1.53733176809934,0.3488887402941716
Sylhet,2024-01-01,2024,15123087,3490.0,1459.27,24.98,67.65,7.47,50.6,2576983.0,2515868.0,0,743.53,188896.0,35207.0,2760781.0,1848.0,1214.0,53.0,385.31,197563.0,69.49,17.99,6.48,29.19,64.49,26.65,3777.0,5.0,2.0,0.0,1011.88,364.01,324.21,1786.07,38.0,85.0,37.0,900000.0,21724,164.0,75.61,65.85,77.87,33.1,250000.0,170421.0,194533.0,25.81,3416194,36567.0,6.08,7.62,72.05,74.57,3.69,127.0,887.0,741750.0,3216,12084,49.165226649823545,0.012490571534766678,182.55406452399566,225.89263686706292,2.3280299848833774,145.927,1.0242918149918836,0.3833332888889037,15255653.0,14887229.0,1478.11,1402.19,745.07,777.1,170737.0,157316.0,15088656.333333334,1446.5233333333333,755.2333333333332,Sylhet,4,0,0,0,0,0,0,0,0,11.424014569495357,2.3280299848833774,1.4364792056013431,0.36188040654365083
Sylhet,2025-01-01,2025,15374835,3490.0,1480.95,27.18,65.42,7.37,51.0,2635941.0,2532571.0,0,726.72,159669.0,33892.0,2776748.0,1837.0,1179.0,64.0,370.62,199429.0,76.81,20.01,5.64,29.75,65.02,26.07,3400.0,4.0,3.0,0.0,949.89,392.57,283.53,1876.54,40.0,82.0,35.0,900000.0,20961,180.0,72.54,71.82,78.31,30.8,250000.0,166103.0,188922.0,24.49,3439563,33130.0,7.19,7.31,77.11,75.81,4.34,143.0,841.0,693844.0,2888,12640,47.26684871740087,0.010385087059470883,180.60343411815475,223.71381546533672,2.204381380353025,148.095,1.0408162298312664,0.3999999333333556,15123087.0,15255653.0,1459.27,1478.11,743.53,745.07,188896.0,170737.0,15251191.666666666,1472.7766666666666,738.44,Sylhet,4,0,0,0,0,0,0,0,0,11.378776514969688,2.204381380353025,1.3633317040475557,0.39164375694763554
